Tanggal,Kode Barang,Nama Barang,Kategori,Sat,Qty,Jual(Rp),Beli(Rp),Penjualan,Pembelian,Region,City,Cluster
3-Jan-2020,8992780000000.0,GLADE GANTUNG NOUNTAIN PINE 75+10GR,PEWANGI,pcs,77.0,11000.0,9600.0,847000.0,739200.0,West Java,Depok,1
4-Jan-2020,201104.0,SARDEN ABC KECIL,DAGING,can,244.0,10000.0,7500.0,2440000.0,1830000.0,Jakarta,North Jakarta,1
6-Jan-2020,202808.0,BANGO KECAP BOTOL 135ml,KECAP,btl,100.0,11000.0,9570.0,1100000.0,957000.0,Jakarta,South Jakarta,0
8-Jan-2020,8992750000000.0,VIXAL HARUM SEGAR 780ML,PEMBERSIH LANTAI,pcs,169.0,17000.0,15290.0,2873000.0,2584010.0,Jakarta,North Jakarta,1
10-Jan-2020,700009.0,RINSO DETERGENT ANTI NODA 800GR,DETERGEN,pcs,50.0,21800.0,19580.0,1090000.0,979000.0,West Java,Bekasi,1
12-Jan-2020,8998870000000.0,DAIA DETERGEN VIOLET 18KG,DETERGEN,pcs,197.0,39900.0,31000.0,7860300.0,6107000.0,Jakarta,East Jakarta,2
12-Jan-2020,203815.0,MINYAK GRNG KUNCI MAS 2L,MINYAK,pcs,89.0,26000.0,23300.0,2314000.0,2073700.0,Jakarta,North Jakarta,1
13-Jan-2020,4800320000000.0,SENSODYNE COOL GEL 100 G,PASTA GIGI,pcs,144.0,41500.0,37900.0,5976000.0,5457600.0,Jakarta,East Jakarta,2
15-Jan-2020,18997000000000.0,UFIA GELAS 48PCS/1KARTON,AIR MINUM,box,115.0,24000.0,20000.0,2760000.0,2300000.0,West Java,Tangerang,1
17-Jan-2020,700034.0,RINSO DETERGEN SACHET,DETERGEN,sac,27.0,1500.0,916.0,40500.0,24732.0,Jakarta,East Jakarta,2
17-Jan-2020,101011.0,MADU 1 KG,MINUMAN,jgn,234.0,350000.0,320000.0,81900000.0,74880000.0,Jakarta,East Jakarta,2
17-Jan-2020,8992700000000.0,SENSODYNE REPAIR 100 G,PASTA GIGI,pcs,101.0,41500.0,37900.0,4191500.0,3827900.0,Jakarta,West Jakarta,0
18-Jan-2020,202809.0,BANGO KECAP MANIS PCH kecil ML,KECAP,pcs,68.0,3000.0,2000.0,204000.0,136000.0,West Java,Bekasi,1
18-Jan-2020,8995230000000.0,LARUTAN PENYEGAR KALENG RASA JERUK 320ML,MINUMAN,can,248.0,6000.0,5000.0,1488000.0,1240000.0,West Java,Bekasi,1
18-Jan-2020,203811.0,ROSE BRAND MINYAK GORENG 2L,MINYAK,pcs,242.0,26000.0,23300.0,6292000.0,5638600.0,Jakarta,North Jakarta,1
19-Jan-2020,8998870000000.0,SO KLIN LIQUID SOFTERGENT 800ML,DETERGEN,pcs,18.0,18000.0,15900.0,324000.0,286200.0,Jakarta,Central Jakarta,0
19-Jan-2020,8998010000000.0,ULTRA MILK KACANG HIJAU 250ML,MINUMAN,pcs,17.0,4000.0,3333.0,68000.0,56661.0,Jakarta,East Jakarta,2
24-Jan-2020,18998900000000.0,MIE SEDAP KARI AYAM ,MIE,pcs,193.0,2700.0,2250.0,521100.0,434250.0,West Java,Depok,1
27-Jan-2020,8992750000000.0,HIT SPRAY NYAMUK LILY BLOSSOM 415ML+35ML,OBAT NYAMUK,btl,240.0,32000.0,30000.0,7680000.0,7200000.0,West Java,Bekasi,1
28-Jan-2020,500000.0,GAS 12KG,GAS,tab,42.0,155000.0,136000.0,6510000.0,5712000.0,Jakarta,East Jakarta,2
29-Jan-2020,889927.0,VIT GELAS IS 42,AIR MINUM,box,220.0,24000.0,18500.0,5280000.0,4070000.0,Jakarta,North Jakarta,1
30-Jan-2020,18997000000000.0,UFIA BOTOL 600ML/1KARTON,AIR MINUM,box,137.0,40000.0,37000.0,5480000.0,5069000.0,Jakarta,East Jakarta,2
1-Feb-2020,8994170000000.0,LUWAK WHITE KOPI TARIK MALAKA,KOPI,pcs,91.0,20000.0,18599.0,1820000.0,1692509.0,Jakarta,North Jakarta,1
2-Feb-2020,8996010000000.0,TEH BOTOL KOTAK ORIGINAL 250ML,MINUMAN,pcs,151.0,4000.0,2083.0,604000.0,314583.0,Jakarta,Central Jakarta,0
6-Feb-2020,8992720000000.0,KARA SANTAN,BUMBU,pcs,121.0,3000.0,2500.0,363000.0,302500.0,Jakarta,East Jakarta,2
7-Feb-2020,8998870000000.0,SO KLIN SEREH LANTAI 780ML,PEMBERSIH LANTAI,pcs,163.0,12500.0,11000.0,2037500.0,1793000.0,West Java,Bekasi,1
7-Feb-2020,18997000000000.0,UFIA BOTOL 330ML 24PCS /1KARTON,AIR MINUM,box,56.0,35000.0,32000.0,1960000.0,1792000.0,Jakarta,West Jakarta,0
10-Feb-2020,700001.0,SO KLIN BIOMATIC LIQ TOPLOAD PCH 800ML,DETERGEN,pcs,187.0,21000.0,18900.0,3927000.0,3534300.0,West Java,Depok,1
11-Feb-2020,100001.0,AQUA GELAS ISI 48/KARTON,AIR MINUM,box,34.0,33000.0,28500.0,1122000.0,969000.0,West Java,Bekasi,1
11-Feb-2020,500002.0,GAS 3KG,GAS,tab,205.0,25000.0,22000.0,5125000.0,4510000.0,West Java,Tangerang,1
12-Feb-2020,8992700000000.0,MILO 3IN1 35GR,MINUMAN,sac,58.0,4000.0,3120.0,232000.0,180960.0,Jakarta,South Jakarta,0
16-Feb-2020,203819.0,MINYAK SANIA 2 LITER,MINYAK,pcs,182.0,25500.0,23000.0,4641000.0,4186000.0,Jakarta,West Jakarta,0
17-Feb-2020,8992770000000.0,MASAKO AYAM 10 GR,BUMBU,pcs,223.0,5000.0,4000.0,1115000.0,892000.0,Jakarta,West Jakarta,0
19-Feb-2020,9000000000000.0,RINSO MATIC BUKAAN ATAS PCH 1.6L,DETERGEN,pcs,36.0,48000.0,39900.0,1728000.0,1436400.0,Jakarta,East Jakarta,2
20-Feb-2020,101025.0,MADU KOPI,MINUMAN,btl,27.0,75000.0,67500.0,2025000.0,1822500.0,Jakarta,Central Jakarta,0
21-Feb-2020,8991000000000.0,KOPI GOOD DAY,KOPI,sac,135.0,2000.0,1040.0,270000.0,140400.0,West Java,Bekasi,1
24-Feb-2020,200402.0,BERAS JERUK 10KG,BERAS,pcs,163.0,136000.0,118000.0,22168000.0,19234000.0,Jakarta,East Jakarta,2
26-Feb-2020,8998870000000.0,MAMA LEMON JERUK POUCH 780ML,DETERGEN,pcs,240.0,16000.0,13800.0,3840000.0,3312000.0,Jakarta,East Jakarta,2
28-Feb-2020,200403.0,BERAS JERUK 5KG,BERAS,pcs,158.0,68000.0,61500.0,10744000.0,9717000.0,Jakarta,East Jakarta,2
29-Feb-2020,9000000000000.0,PEPSODENT CHARCOAL 160G,PASTA GIGI,pcs,180.0,19000.0,10000.0,3420000.0,1800000.0,West Java,Tangerang,1
5-Mar-2020,9000000000000.0,PEPSODENT PG WHITE FAMILY 225 G + 25G,PASTA GIGI,pcs,198.0,15000.0,12000.0,2970000.0,2376000.0,West Java,Bekasi,1
5-Mar-2020,201604.0,FRENCH FRIES 2000,FROZEN,pcs,93.0,2500.0,1733.0,232500.0,161169.0,West Java,Depok,1
5-Mar-2020,89686386066.0,INDOFOOD BUMBU RACIK AYAM GORENG 26GR,BUMBU,pcs,77.0,2000.0,1500.0,154000.0,115500.0,Jakarta,North Jakarta,1
5-Mar-2020,700002.0,SO KLIN BIOMATIC LIQ FRONTLOAD PCH 800ML,DETERGEN,pcs,198.0,25000.0,22400.0,4950000.0,4435200.0,Jakarta,North Jakarta,1
9-Mar-2020,8993230000000.0,GARAM MEJA DAUN 250GR,BUMBU,pcs,126.0,5000.0,4000.0,630000.0,504000.0,West Java,Bekasi,1
9-Mar-2020,89686386622.0,INDOFOOD BUMBU RACIK NASGOR XTRA PEDAS 20GR,BUMBU,sac,189.0,2000.0,1400.0,378000.0,264600.0,West Java,Depok,1
15-Mar-2020,200405.0,BERAS PANDAN WANGI 50KG,BERAS,pcs,226.0,750000.0,675000.0,169500000.0,152550000.0,West Java,Bekasi,1
15-Mar-2020,203822.0,MINYAK GORENG SUNCO,MINYAK,pcs,203.0,26000.0,23500.0,5278000.0,4770500.0,West Java,Bekasi,1
17-Mar-2020,711844000000.0,SARDEN ABC TOMATO 425G,DAGING,can,156.0,23000.0,17400.0,3588000.0,2714400.0,West Java,Depok,1
17-Mar-2020,89686420036.0,INDOFOOD KECAP MANIS 135ML,KECAP,btl,234.0,7500.0,6500.0,1755000.0,1521000.0,West Java,Depok,1
17-Mar-2020,8996010000000.0,FRUI TEA BOTOL FREEZE 350ML,MINUMAN,pcs,141.0,3000.0,2000.0,423000.0,282000.0,Jakarta,East Jakarta,2
18-Mar-2020,8992750000000.0,VIT GALON,AIR MINUM,gal,210.0,16000.0,12500.0,3360000.0,2625000.0,West Java,Bekasi,1
20-Mar-2020,100004.0,AJWA GALON,AIR MINUM,gal,203.0,19000.0,15000.0,3857000.0,3045000.0,Jakarta,East Jakarta,2
21-Mar-2020,600002.0,LAMPU PHILIP 6WATT,ALAT LISTRIK,pcs,60.0,44000.0,40000.0,2640000.0,2400000.0,Jakarta,Central Jakarta,0
21-Mar-2020,8997020000000.0,UFIA GALON,AIR MINUM,gal,239.0,17500.0,15000.0,4182500.0,3585000.0,Jakarta,South Jakarta,0
21-Mar-2020,8996010000000.0,FRUI TEA RASA APEL 230ML,MINUMAN,pcs,133.0,3000.0,2000.0,399000.0,266000.0,West Java,Tangerang,1
23-Mar-2020,8996000000000.0,ENERGEN COKELAT 1 SACHET,MINUMAN,pak,126.0,3000.0,2000.0,378000.0,252000.0,West Java,Depok,1
26-Mar-2020,55500130221.0,SOS PEMBERSIH LANTAI ORANG SPLASH 750ML,PEMBERSIH LANTAI,pcs,87.0,12500.0,10000.0,1087500.0,870000.0,West Java,Depok,1
26-Mar-2020,203110.0,KAPAL API FRESCO,KOPI,rcg,73.0,10000.0,6575.0,730000.0,479975.0,West Java,South Tangerang,0
27-Mar-2020,8993090000000.0,GULA ROSE BRAND 1KG,GULA,pcs,235.0,19000.0,16000.0,4465000.0,3760000.0,West Java,Depok,1
1-Apr-2020,700030.0,RINSO LIQUID SACHET,DETERGEN,sac,109.0,1000.0,838.0,109000.0,91342.0,West Java,Depok,1
2-Apr-2020,9000000000000.0,BANGO KECAP MANIS PCH 575/550ML,KECAP,pcs,74.0,24500.0,23705.0,1813000.0,1754170.0,Jakarta,East Jakarta,2
2-Apr-2020,101002.0,FRESTEA POUCH APEL 330ML,MINUMAN,btl,141.0,3000.0,2250.0,423000.0,317250.0,Jakarta,North Jakarta,1
2-Apr-2020,8993230000000.0,REFINA GARAM 500GR,BUMBU,pcs,101.0,8000.0,7000.0,808000.0,707000.0,Jakarta,South Jakarta,0
6-Apr-2020,89686010343.0,INDOMIE SOTO SPESIAL 75 GR,MIE,pcs,170.0,2500.0,2294.0,425000.0,389895.0,Jakarta,East Jakarta,2
7-Apr-2020,200408.0,BERAS JERUK 50KG,BERAS,pcs,78.0,650000.0,580000.0,50700000.0,45240000.0,West Java,Tangerang,1
8-Apr-2020,8996010000000.0,FRUIT TEA GENGGAM FREEZE 200ML,MINUMAN,pcs,185.0,3000.0,2000.0,555000.0,370000.0,Jakarta,East Jakarta,2
9-Apr-2020,200404.0,BERAS PANDAN WANGI 5KG,BERAS,pcs,176.0,78000.0,2700.0,13728000.0,475200.0,Jakarta,North Jakarta,1
9-Apr-2020,8992770000000.0,KISPRAY SPRAYER FINE PERFUME GOLD 318ML,PEWANGI,pcs,42.0,17000.0,14900.0,714000.0,625800.0,Jakarta,North Jakarta,1
13-Apr-2020,8996010000000.0,TEH BOTOL KOTAK ORIGINAL 330ML,MINUMAN,pcs,88.0,4000.0,4000.0,352000.0,352000.0,Jakarta,North Jakarta,1
16-Apr-2020,8992780000000.0,GLADE GANTUNG FRESH AIR 75+10GR,PEWANGI,pcs,19.0,11000.0,9600.0,209000.0,182400.0,West Java,Bekasi,1
17-Apr-2020,8999990000000.0,LARUTAN PENYEGAR KALENG RASA LECCI 320ML,MINUMAN,can,202.0,6000.0,5000.0,1212000.0,1010000.0,Jakarta,North Jakarta,1
17-Apr-2020,8992780000000.0,GLADE GANTUNG LAVENDER MIST 75+10GR,PEWANGI,pcs,98.0,11000.0,9600.0,1078000.0,940800.0,Jakarta,North Jakarta,1
18-Apr-2020,8998870000000.0,TEH RIO CUP 190ML,MINUMAN,btl,185.0,1000.0,800.0,185000.0,148000.0,West Java,South Tangerang,0
19-Apr-2020,9000000000000.0,RINSO MATIC BUKAAN DEPAN PCH 1.6L,DETERGEN,pcs,88.0,55000.0,48690.0,4840000.0,4284720.0,Jakarta,Central Jakarta,0
20-Apr-2020,200406.0,BERAS RAMOS 50KG,BERAS,pcs,246.0,550000.0,490000.0,135300000.0,120540000.0,West Java,Depok,1
21-Apr-2020,89686386219.0,BUMBU RACIK TUMIS INDOFOOD 22 GR,BUMBU,pcs,211.0,2000.0,1500.0,422000.0,316500.0,Jakarta,East Jakarta,2
3-May-2020,202811.0,SAORI TIRAM,KECAP,btl,28.0,3000.0,2300.0,84000.0,64400.0,Jakarta,Central Jakarta,0
4-May-2020,9000000000000.0,RINSO MOLTO ANTI NODA bubuk 770G Royal gold,DETERGEN,pcs,162.0,20000.0,17000.0,3240000.0,2754000.0,Jakarta,South Jakarta,0
6-May-2020,4902430000000.0,DOWNY PASSION 230ML,PEWANGI,pcs,149.0,35000.0,23900.0,5215000.0,3561100.0,Jakarta,East Jakarta,2
9-May-2020,8991190000000.0,MICIN SASA 250 GR,BUMBU,sac,134.0,10000.0,9000.0,1340000.0,1206000.0,Jakarta,North Jakarta,1
13-May-2020,8994120000000.0,COUNTRY CHOICE ORENGE 250ML,MINUMAN,pcs,229.0,6000.0,5000.0,1374000.0,1145000.0,Jakarta,North Jakarta,1
16-May-2020,700506.0,PASTA GIGI SIWAK HERBAL HPAI,PASTA GIGI,pcs,128.0,20000.0,17000.0,2560000.0,2176000.0,Jakarta,East Jakarta,2
16-May-2020,9000000000000.0,BLUEBAND CUP 250GR,MINYAK,pcs,213.0,12500.0,11165.0,2662500.0,2378145.0,Jakarta,North Jakarta,1
17-May-2020,8991690000000.0,MIE KERING CAP BURUNG DARA 140G,MIE,pcs,244.0,3500.0,3000.0,854000.0,732000.0,Jakarta,North Jakarta,1
26-May-2020,8997010000000.0,MIE BIHUN JAGUNG PADAMU 350GR,MIE,pcs,134.0,7000.0,5000.0,938000.0,670000.0,West Java,Bekasi,1
28-May-2020,8992780000000.0,GLADE SPRAY OCEAN ESCAPE 350ML,PEWANGI,pcs,217.0,7000.0,5000.0,1519000.0,1085000.0,Jakarta,East Jakarta,2
30-May-2020,203821.0,FILMA MINYAK GORENG 2 L,MINYAK,pcs,219.0,26500.0,23000.0,5803500.0,5037000.0,West Java,Depok,1
31-May-2020,9000000000000.0,ROYCO SAPI,BUMBU,sac,214.0,1000.0,500.0,214000.0,107000.0,Jakarta,East Jakarta,2
31-May-2020,8998900000000.0,BAYGON NYAMUK LAVENDER BAKAR,OBAT NYAMUK,pcs,44.0,6000.0,4000.0,264000.0,176000.0,West Java,Tangerang,1
3-Jun-2020,8994120000000.0,COUNTRY CHOICE JAMBU 250ML,MINUMAN,pcs,21.0,6000.0,5000.0,126000.0,105000.0,West Java,Bekasi,1
4-Jun-2020,8998870000000.0,SO KLIN PINK SWEET LOVE LANTAI 780ML,PEMBERSIH LANTAI,pcs,102.0,12500.0,11000.0,1275000.0,1122000.0,Jakarta,East Jakarta,2
5-Jun-2020,89686060027.0,POP MIE CUP AYAM 75 GR,MIE,pcs,229.0,5000.0,3922.0,1145000.0,898024.0,Jakarta,Central Jakarta,0
5-Jun-2020,9000000000000.0,RINSO MOLTO ANTI NODA cair 750G Perfurme Essense,DETERGEN,pcs,24.0,20000.0,17000.0,480000.0,408000.0,Jakarta,East Jakarta,2
5-Jun-2020,9000000000000.0,PEPSODENT SIWAK 150GR,PASTA GIGI,pcs,209.0,12500.0,6300.0,2612500.0,1316700.0,Jakarta,East Jakarta,2
6-Jun-2020,8998870000000.0,DAIA DETERGEN VIOLET 850g,DETERGEN,pcs,78.0,18000.0,17000.0,1404000.0,1326000.0,West Java,Tangerang,1
8-Jun-2020,600102.0,BATERAI ABC ISI 7 BESAR,BATERAI,pak,243.0,47000.0,42500.0,11421000.0,10327500.0,West Java,South Tangerang,0
8-Jun-2020,8998870000000.0,DAIA DETERGEN LEMON 850g,DETERGEN,pcs,127.0,18000.0,17000.0,2286000.0,2159000.0,Jakarta,West Jakarta,0
11-Jun-2020,8996010000000.0,S-TEE 350ML,MINUMAN,btl,86.0,4000.0,2083.0,344000.0,179167.0,West Java,Bekasi,1
11-Jun-2020,9000000000000.0,WIPOL LOMON 780ML,PEMBERSIH LANTAI,pcs,179.0,16000.0,10000.0,2864000.0,1790000.0,Jakarta,East Jakarta,2
12-Jun-2020,8886020000000.0,SWALLOW KAMPER PUTIH BULAT KECIL 150G,OBAT-OBATAN,pcs,158.0,16000.0,11475.0,2528000.0,1813050.0,West Java,South Tangerang,0
13-Jun-2020,9000000000000.0,BLUE BAND 200GR ,MINYAK,pcs,219.0,7500.0,6175.0,1642500.0,1352325.0,West Java,Bekasi,1
14-Jun-2020,8998870000000.0,SO KLIN LIQUID 750ML,DETERGEN,pcs,22.0,18000.0,15800.0,396000.0,347600.0,Jakarta,West Jakarta,0
19-Jun-2020,8886030000000.0,YURI HANDSOAP STROBERI 375ML,DETERGEN,pcs,33.0,17000.0,15400.0,561000.0,508200.0,Jakarta,North Jakarta,1
20-Jun-2020,8992770000000.0,KISPRAY REFILL AMARIS 300ML,PEWANGI,pcs,117.0,7000.0,5500.0,819000.0,643500.0,Jakarta,East Jakarta,2
20-Jun-2020,700005.0,RINSO MOLTO ANTI NODA Bubuk 770G Classic Fresh,DETERGEN,pcs,34.0,20000.0,17000.0,680000.0,578000.0,Jakarta,North Jakarta,1
20-Jun-2020,101026.0,MADU KARET,MINUMAN,btl,17.0,21000.0,20000.0,357000.0,340000.0,Jakarta,West Jakarta,0
21-Jun-2020,8991000000000.0,KOPI ABC SUSU,KOPI,rcg,32.0,15000.0,12000.0,480000.0,384000.0,West Java,Tangerang,1
22-Jun-2020,203108.0,KAPAL API KOPI SUSU RCG 10X31 G,KOPI,rcg,233.0,12600.0,11275.0,2935800.0,2627075.0,Jakarta,East Jakarta,2
22-Jun-2020,8886030000000.0,YURI PORSTEK UNGU 1000ML,PEMBERSIH LANTAI,pcs,143.0,20700.0,18500.0,2960100.0,2645500.0,West Java,Tangerang,1
23-Jun-2020,202810.0,KECAP MANIS ABC 225 ML,KECAP,pbt,227.0,10000.0,7925.0,2270000.0,1798975.0,Jakarta,East Jakarta,2
23-Jun-2020,400000.0,SWALLOW KAMPER PUTIH 100G,OBAT-OBATAN,pcs,148.0,9000.0,7800.0,1332000.0,1154400.0,Jakarta,North Jakarta,1
24-Jun-2020,8886020000000.0,SWALLOW KAMPER WARNA 4X5 BOLA 200G,OBAT-OBATAN,pcs,99.0,25000.0,20000.0,2475000.0,1980000.0,Jakarta,East Jakarta,2
25-Jun-2020,4902430000000.0,DOWNY MYSTIQUE 230 ML,PEWANGI,pcs,231.0,19900.0,16900.0,4596900.0,3903900.0,Jakarta,North Jakarta,1
26-Jun-2020,8992700000000.0,SENSODYNE 100 G,PASTA GIGI,pcs,183.0,41500.0,37900.0,7594500.0,6935700.0,West Java,Depok,1
28-Jun-2020,8993560000000.0,HARPIC PEMBERSIH TOILET 450ML,PEMBERSIH LANTAI,btl,45.0,25000.0,20000.0,1125000.0,900000.0,Jakarta,Central Jakarta,0
28-Jun-2020,8999990000000.0,LARUTAN PENYEGAR BOTOL 200 ML,MINUMAN,btl,151.0,3500.0,2400.0,528500.0,362400.0,West Java,Tangerang,1
29-Jun-2020,200602.0,REFINA GARAM 250G,BUMBU,pcs,144.0,5000.0,2700.0,720000.0,388800.0,Jakarta,East Jakarta,2
29-Jun-2020,89686010015.0,INDOMIE AYAM BAWANG,MIE,pcs,133.0,2500.0,2431.0,332500.0,323323.0,Jakarta,East Jakarta,2
2-Jul-2020,822175000000.0,KOPI KOBUYA PREMIUM ROBUSTA 150GR,KOPI,pcs,83.0,18000.0,16000.0,1494000.0,1328000.0,West Java,Depok,1
3-Jul-2020,8991000000000.0,KAPAL API SPC 10X25,KOPI,rcg,59.0,12000.0,9950.0,708000.0,587050.0,Jakarta,East Jakarta,2
4-Jul-2020,8998870000000.0,SO KLIN LANTAI LEMON PCH 780ML,PEMBERSIH LANTAI,pcs,203.0,12500.0,10000.0,2537500.0,2030000.0,West Java,Tangerang,1
7-Jul-2020,8999990000000.0,LARUTAN PENYEGAR KALENG RASA MELON 320ML,MINUMAN,can,157.0,6000.0,5000.0,942000.0,785000.0,West Java,Depok,1
11-Jul-2020,8997070000000.0,K-LOR EKTRAK DAUN KELOR 60KAPSUL,OBAT-OBATAN,pcs,153.0,50000.0,45000.0,7650000.0,6885000.0,Jakarta,East Jakarta,2
14-Jul-2020,8992750000000.0,PRIMA AIR MINERAL 600ML 24PCS/1KARTON,AIR MINUM,box,102.0,38000.0,31000.0,3876000.0,3162000.0,West Java,Depok,1
14-Jul-2020,8993370000000.0,SARI KURMA TJ 250GR,OBAT-OBATAN,btl,152.0,23500.0,21500.0,3572000.0,3268000.0,Jakarta,West Jakarta,0
17-Jul-2020,101007.0,JELLY DRINK,MINUMAN,btl,24.0,1000.0,500.0,24000.0,12000.0,West Java,Depok,1
17-Jul-2020,202812.0,SAORI TERIYAKI,KECAP,btl,80.0,3000.0,2300.0,240000.0,184000.0,Jakarta,West Jakarta,0
19-Jul-2020,600003.0,LAMPU PHILIP 10WATT,ALAT LISTRIK,pcs,156.0,56500.0,50850.0,8814000.0,7932600.0,Jakarta,East Jakarta,2
19-Jul-2020,700022.0,DAIA DETERGEN PUTIH 18KG,DETERGEN,pcs,58.0,39900.0,31000.0,2314200.0,1798000.0,West Java,South Tangerang,0
20-Jul-2020,9000000000000.0,RINSO MOLTO ANTI NODA Bubuk 770G Perfurme Essense,DETERGEN,pcs,102.0,20000.0,17000.0,2040000.0,1734000.0,Jakarta,East Jakarta,2
21-Jul-2020,8997020000000.0,UFIA BOTOL 330ML PCS,AIR MINUM,btl,166.0,2000.0,1333.0,332000.0,221333.0,Jakarta,Central Jakarta,0
21-Jul-2020,8993370000000.0,SARI KURMA TJ 250GR,MINUMAN,btl,102.0,23500.0,20000.0,2397000.0,2040000.0,Jakarta,North Jakarta,1
26-Jul-2020,8996010000000.0,TEH BOTOL KOTAK LESS SUGAR 250ML,MINUMAN,pcs,119.0,5000.0,4000.0,595000.0,476000.0,Jakarta,West Jakarta,0
27-Jul-2020,8992000000000.0,ANTANGIN SACHET 15ML,OBAT-OBATAN,sac,126.0,3500.0,2900.0,441000.0,365400.0,West Java,Depok,1
28-Jul-2020,8998870000000.0,SO KLIN DETERGEN SMART COLOR 800G,DETERGEN,pcs,121.0,19000.0,17725.0,2299000.0,2144725.0,Jakarta,East Jakarta,2
30-Jul-2020,8886030000000.0,YURI PORSTEK BIRU 1000ML,PEMBERSIH LANTAI,pcs,112.0,20700.0,18500.0,2318400.0,2072000.0,Jakarta,East Jakarta,2
1-Aug-2020,8992770000000.0,MASAKO SAPI 10 GR,BUMBU,sac,74.0,1000.0,417.0,74000.0,30858.0,Jakarta,Central Jakarta,0
7-Aug-2020,8992770000000.0,KISPRAY SEGERIS 4X21ML,PEWANGI,pcs,94.0,7000.0,5500.0,658000.0,517000.0,West Java,Bekasi,1
8-Aug-2020,9000000000000.0,ROYCO AYAM,BUMBU,sac,196.0,1000.0,500.0,196000.0,98000.0,West Java,Tangerang,1
10-Aug-2020,8992700000000.0,BEAR BRAND STM 189ML,MINUMAN,can,144.0,10000.0,8500.0,1440000.0,1224000.0,West Java,Tangerang,1
12-Aug-2020,701425.0,DOWNY SUN FRESH 800 ML,PEWANGI,pcs,218.0,29700.0,20900.0,6474600.0,4556200.0,Jakarta,East Jakarta,2
12-Aug-2020,89686010947.0,INDOMIE GORENG 85GR,MIE,pcs,213.0,2500.0,2470.0,532500.0,526004.0,West Java,Tangerang,1
13-Aug-2020,701423.0,GLADE REFILL,PEWANGI,pcs,148.0,32500.0,28900.0,4810000.0,4277200.0,Jakarta,East Jakarta,2
16-Aug-2020,101023.0,BUAVITA,MINUMAN,pcs,60.0,7000.0,5600.0,420000.0,336000.0,Jakarta,East Jakarta,2
20-Aug-2020,200407.0,BERAS RAMOS 5KG,BERAS,pcs,77.0,57500.0,51500.0,4427500.0,3965500.0,Jakarta,East Jakarta,2
22-Aug-2020,8992980000000.0,CUKA DAPUR BELIBIS 150ML,KECAP,btl,110.0,6000.0,4500.0,660000.0,495000.0,Jakarta,North Jakarta,1
22-Aug-2020,8996000000000.0,ENERGEN VANILA 1 SACHET,MINUMAN,pak,24.0,3000.0,2000.0,72000.0,48000.0,Jakarta,West Jakarta,0
23-Aug-2020,900000.0,AC UKURAN S/D 1PK,JASA,pcs,21.0,60000.0,50000.0,1260000.0,1050000.0,Jakarta,Central Jakarta,0
24-Aug-2020,8993010000000.0,MADURASA,MINUMAN,box,94.0,15000.0,12500.0,1410000.0,1175000.0,Jakarta,East Jakarta,2
26-Aug-2020,8998870000000.0,DAIA DETERGENT BUNGA 850G,DETERGEN,pcs,53.0,18000.0,15250.0,954000.0,808250.0,West Java,Bekasi,1
26-Aug-2020,8886020000000.0,BATERAI ABC ALKALINE ISI 7 AAA,BATERAI,pak,86.0,47000.0,42500.0,4042000.0,3655000.0,Jakarta,North Jakarta,1
27-Aug-2020,8992630000000.0,MINYAK DELIMA 1L,MINYAK,pcs,74.0,12500.0,11500.0,925000.0,851000.0,West Java,Depok,1
27-Aug-2020,8998870000000.0,DAIA DETERGEN PINK 850g,DETERGEN,pcs,144.0,18000.0,17000.0,2592000.0,2448000.0,Jakarta,North Jakarta,1
27-Aug-2020,701420.0,DOWNY SUN FRESH,PEWANGI,pcs,153.0,19900.0,16900.0,3044700.0,2585700.0,West Java,Tangerang,1
30-Aug-2020,8999990000000.0,LARUTAN PENYEGAR KALENG RASA JAMBU 320ML,MINUMAN,can,224.0,6000.0,5000.0,1344000.0,1120000.0,Jakarta,East Jakarta,2
30-Aug-2020,9000000000000.0,RINSO MOLTO ANTI NODA cair 750G Classic Fresh,DETERGEN,pcs,243.0,20000.0,17000.0,4860000.0,4131000.0,West Java,Tangerang,1
31-Aug-2020,8998870000000.0,SO KLIN SOFTERGENT SACHET,DETERGEN,sac,226.0,1000.0,400.0,226000.0,90400.0,Jakarta,East Jakarta,2
31-Aug-2020,8992750000000.0,HIT SPRAY NYAMUK LILY BLOSSOM 600ML+75ML,OBAT NYAMUK,btl,120.0,35000.0,26500.0,4200000.0,3180000.0,Jakarta,North Jakarta,1
2-Sep-2020,8850180000000.0,GLADE SPRAY LAVENDER 225ML,PEWANGI,pcs,51.0,7000.0,5000.0,357000.0,255000.0,Jakarta,Central Jakarta,0
2-Sep-2020,9000000000000.0,PEPSODENT WHITENING 75 G,PASTA GIGI,pcs,147.0,8000.0,7083.0,1176000.0,1041201.0,Jakarta,North Jakarta,1
2-Sep-2020,9000000000000.0,SUPER PELL LEMON 770ML,PEMBERSIH LANTAI,pcs,125.0,12500.0,10500.0,1562500.0,1312500.0,Jakarta,West Jakarta,0
4-Sep-2020,8998900000000.0,BY FRESH SPRAY MORNIBG COFFEE 320ML,PEWANGI,pcs,188.0,7000.0,5000.0,1316000.0,940000.0,Jakarta,East Jakarta,2
8-Sep-2020,100015.0,VIT AIR MINERAL 600ML,AIR MINUM,btl,179.0,3000.0,1458.0,537000.0,261042.0,Jakarta,East Jakarta,2
9-Sep-2020,101004.0,PULPY ORANGE,MINUMAN,btl,128.0,5500.0,4667.0,704000.0,597333.0,Jakarta,East Jakarta,2
10-Sep-2020,8996010000000.0,FRUI TEA BLACK CURRENT 200ML,MINUMAN,pcs,194.0,3000.0,2000.0,582000.0,388000.0,West Java,South Tangerang,0
12-Sep-2020,8997010000000.0,KEJU CHEDDAR GOLG PROCHIZ 170GR ,MINYAK,pcs,178.0,25000.0,22000.0,4450000.0,3916000.0,West Java,Tangerang,1
14-Sep-2020,700033.0,RINSO LIQUID 750ML,DETERGEN,pcs,53.0,19600.0,18200.0,1038800.0,964600.0,Jakarta,North Jakarta,1
15-Sep-2020,700029.0,DETERGEN GREEN WASH,DETERGEN,pcs,118.0,40000.0,36000.0,4720000.0,4248000.0,Jakarta,North Jakarta,1
15-Sep-2020,700036.0,RINSO CAIR CLASSIC FRESH ,DETERGEN,pcs,47.0,19700.0,16000.0,925900.0,752000.0,West Java,Tangerang,1
18-Sep-2020,8998870000000.0,DAIA DETERGEN PUTIH 850G,DETERGEN,pcs,123.0,18000.0,17000.0,2214000.0,2091000.0,Jakarta,East Jakarta,2
22-Sep-2020,802004.0,BAYGON NYAMUK 600ML PLUS 120ML,OBAT NYAMUK,btl,143.0,35000.0,30000.0,5005000.0,4290000.0,Jakarta,South Jakarta,0
22-Sep-2020,600101.0,LAMPU PHILIP 12WATT,ALAT LISTRIK,pcs,41.0,69000.0,62100.0,2829000.0,2546100.0,Jakarta,West Jakarta,0
23-Sep-2020,101022.0,SEREAL GO WELL,MINUMAN,sac,122.0,3000.0,1950.0,366000.0,237900.0,West Java,Depok,1
25-Sep-2020,8998900000000.0,BAYGON NYAMUK 600ML,OBAT NYAMUK,btl,75.0,35000.0,26500.0,2625000.0,1987500.0,Jakarta,East Jakarta,2
25-Sep-2020,89686386417.0,BUMBU RACIK TEMPE,BUMBU,sac,222.0,1500.0,900.0,333000.0,199800.0,West Java,Tangerang,1
26-Sep-2020,8992630000000.0,BIMOLI KLASIK MINYAK GRG PCH 2 L,MINYAK,pcs,80.0,26000.0,23300.0,2080000.0,1864000.0,Jakarta,East Jakarta,2
29-Sep-2020,400002.0,MASKER JILBAB,OBAT-OBATAN,pcs,172.0,25000.0,20000.0,4300000.0,3440000.0,Jakarta,East Jakarta,2
3-Oct-2020,101012.0,MADU SETENGAH KG,MINUMAN,jgn,241.0,150000.0,130000.0,36150000.0,31330000.0,Jakarta,North Jakarta,1
4-Oct-2020,8997020000000.0,JAHE MERAH SACHET ,MINUMAN,sac,200.0,2500.0,2000.0,500000.0,400000.0,West Java,Bekasi,1
4-Oct-2020,8886020000000.0,SWALLOW KAMPER 300G,OBAT-OBATAN,pcs,33.0,30000.0,23000.0,990000.0,759000.0,Jakarta,Central Jakarta,0
4-Oct-2020,203818.0,MINYAK GORENG KUNCI MAS 2 LITER,MINYAK,pcs,96.0,25500.0,19900.0,2448000.0,1910400.0,Jakarta,East Jakarta,2
6-Oct-2020,8992750000000.0,HIT KECIL 200ML,OBAT NYAMUK,btl,199.0,14000.0,10000.0,2786000.0,1990000.0,Jakarta,East Jakarta,2
6-Oct-2020,701434.0,GLADE SPRAY 350ML,PEWANGI,pcs,64.0,7000.0,5000.0,448000.0,320000.0,Jakarta,West Jakarta,0
9-Oct-2020,89686060461.0,POP MIE CUP KARI AYAM 75 GR,MIE,pcs,24.0,5000.0,3922.0,120000.0,94116.0,Jakarta,South Jakarta,0
10-Oct-2020,8999990000000.0,LARUTAN PENGEGAR BOTOL 500 ML,MINUMAN,btl,82.0,7000.0,5000.0,574000.0,410000.0,Jakarta,East Jakarta,2
12-Oct-2020,500003.0,LILIN,GAS,pcs,54.0,2000.0,1000.0,108000.0,54000.0,West Java,Bekasi,1
12-Oct-2020,700032.0,DAIA DETERGENT 18 KG,DETERGEN,pcs,170.0,39900.0,31000.0,6783000.0,5270000.0,Jakarta,East Jakarta,2
12-Oct-2020,8996010000000.0,FRUI TEA BOTOL BLACK CURRENT 350ML,MINUMAN,pcs,111.0,3000.0,2000.0,333000.0,222000.0,Jakarta,East Jakarta,2
13-Oct-2020,101005.0,JAVANA TEH GULA BATU,MINUMAN,btl,137.0,4000.0,2250.0,548000.0,308250.0,Jakarta,North Jakarta,1
14-Oct-2020,9000000000000.0,SUNLIGHT JERUK NIPIS 755 ML,DETERGEN,pcs,190.0,15000.0,13500.0,2850000.0,2565000.0,Jakarta,East Jakarta,2
15-Oct-2020,9000000000000.0,CLOSE UP 65GR,PASTA GIGI,pcs,175.0,7000.0,5540.0,1225000.0,969500.0,Jakarta,North Jakarta,1
18-Oct-2020,9000000000000.0,BANGO KECAP MANIS PCH 220ML,KECAP,pcs,61.0,11000.0,9900.0,671000.0,603900.0,West Java,Tangerang,1
19-Oct-2020,8998870000000.0,SO KLIN LANTAI LAVENDER PCH 780ML,PEMBERSIH LANTAI,pcs,217.0,12500.0,10000.0,2712500.0,2170000.0,Jakarta,South Jakarta,0
20-Oct-2020,700037.0,DETERGENT GREEN WASH,DETERGEN,pcs,201.0,35000.0,32000.0,7035000.0,6432000.0,West Java,Depok,1
21-Oct-2020,8996000000000.0,ENERGEN KACANG HIJAU 1 SACHET,MINUMAN,pak,91.0,3000.0,2000.0,273000.0,182000.0,Jakarta,East Jakarta,2
21-Oct-2020,8998870000000.0,SO KLIN SMART DETERGENT+SOFTENER 800G,DETERGEN,pcs,181.0,20000.0,15000.0,3620000.0,2715000.0,West Java,South Tangerang,0
22-Oct-2020,203812.0,PALMIA MARGARIN,MINYAK,pcs,86.0,5500.0,3800.0,473000.0,326800.0,Jakarta,Central Jakarta,0
22-Oct-2020,8993500000000.0,MINYAK SANIA 1 LITER,MINYAK,pcs,118.0,14000.0,12000.0,1652000.0,1416000.0,Jakarta,East Jakarta,2
24-Oct-2020,8997070000000.0,URIMAXS ASAM URAT HERBAL 60 KAPSUL,OBAT-OBATAN,pcs,150.0,70000.0,65000.0,10500000.0,9750000.0,West Java,Tangerang,1
25-Oct-2020,8998010000000.0,ULTRA MILK KACANG HIJAU 150ML,MINUMAN,pcs,74.0,3000.0,2050.0,222000.0,151700.0,Jakarta,East Jakarta,2
25-Oct-2020,9311930000000.0,INDOCOFFE MIX ,KOPI,rcg,76.0,12500.0,10000.0,950000.0,760000.0,Jakarta,North Jakarta,1
26-Oct-2020,711844000000.0,SARDEN ABC BESAR SAUS CABAI 425G,DAGING,can,153.0,23000.0,16500.0,3519000.0,2524500.0,West Java,Bekasi,1
28-Oct-2020,8992760000000.0,SPRITE MINI 250ML,MINUMAN,btl,211.0,3500.0,2000.0,738500.0,422000.0,Jakarta,East Jakarta,2
29-Oct-2020,400001.0,HABASA GARLIC 60 KAPSUL,OBAT-OBATAN,pcs,133.0,50000.0,45000.0,6650000.0,5985000.0,Jakarta,East Jakarta,2
30-Oct-2020,8886030000000.0,YURI HANDSOAP LEMON 375ML,DETERGEN,pcs,51.0,17000.0,15400.0,867000.0,785400.0,West Java,Bekasi,1
30-Oct-2020,8886010000000.0,AQUA GALON,AIR MINUM,gal,76.0,18500.0,15500.0,1406000.0,1178000.0,Jakarta,East Jakarta,2
30-Oct-2020,9000000000000.0,RINSO MATIC BUKAAN ATAS PCH 800ML,DETERGEN,pcs,26.0,24000.0,18900.0,624000.0,491400.0,Jakarta,West Jakarta,0
31-Oct-2020,8998900000000.0,TOLAK ANGIN SACHET 15ML,OBAT-OBATAN,sac,144.0,3500.0,2583.0,504000.0,371952.0,West Java,Bekasi,1
4-Nov-2020,8997020000000.0,UFIA BOTOL 1500ML,AIR MINUM,btl,19.0,5000.0,2917.0,95000.0,55417.0,Jakarta,East Jakarta,2
4-Nov-2020,8998870000000.0,SO KLIN LANTAI APEL PCH 780ML,PEMBERSIH LANTAI,pcs,226.0,12500.0,10000.0,2825000.0,2260000.0,Jakarta,East Jakarta,2
9-Nov-2020,8992750000000.0,VIXAL GREEN 780,PEMBERSIH LANTAI,pcs,163.0,20000.0,17700.0,3260000.0,2885100.0,Jakarta,Central Jakarta,0
11-Nov-2020,9000000000000.0,RINSO MOLTO ANTI NODA cair 750G Royal gold,DETERGEN,pcs,223.0,20000.0,17000.0,4460000.0,3791000.0,West Java,Bekasi,1
11-Nov-2020,8992780000000.0,GLADE SPRAY PEONY BERRY BLIS 225ML,PEWANGI,pcs,24.0,7000.0,5000.0,168000.0,120000.0,Jakarta,South Jakarta,0
13-Nov-2020,9555220000000.0,GLADE SPRAY OCEAN ESCAPE 225ML,PEWANGI,pcs,139.0,7000.0,5000.0,973000.0,695000.0,Jakarta,North Jakarta,1
16-Nov-2020,203517.0,MIX INDOMIE REBUS,MIE,pcs,54.0,3500.0,3000.0,189000.0,162000.0,Jakarta,West Jakarta,0
18-Nov-2020,8998870000000.0,SO KLIN SMART DETERGENT WHITE 800G,DETERGEN,pcs,205.0,20000.0,17500.0,4100000.0,3587500.0,Jakarta,North Jakarta,1
19-Nov-2020,89686060126.0,POP MIE CUP BASO 75 GR,MIE,pcs,89.0,5000.0,3922.0,445000.0,349014.0,Jakarta,North Jakarta,1
19-Nov-2020,800009.0,SANITISE,PEMBERSIH LANTAI,jgn,35.0,300000.0,250000.0,10500000.0,8750000.0,Jakarta,North Jakarta,1
20-Nov-2020,700015.0,DAIA DETERGEN BUNGA 850g,DETERGEN,pcs,95.0,18000.0,17000.0,1710000.0,1615000.0,Jakarta,East Jakarta,2
20-Nov-2020,8993090000000.0,GULAKU 1KG,GULA,pcs,131.0,14000.0,12500.0,1834000.0,1637500.0,Jakarta,West Jakarta,0
23-Nov-2020,8993560000000.0,VANISH CAIR 425ML,DETERGEN,pcs,197.0,23300.0,17400.0,4590100.0,3427800.0,West Java,Tangerang,1
25-Nov-2020,101017.0,FANTA MINI 250ML,MINUMAN,btl,130.0,3500.0,2916.0,455000.0,379080.0,Jakarta,Central Jakarta,0
25-Nov-2020,8995180000000.0,GULAKU 1/2 KG,GULA,pcs,242.0,9000.0,6500.0,2178000.0,1573000.0,Jakarta,East Jakarta,2
25-Nov-2020,101008.0,YAKULT,MINUMAN,btl,120.0,2500.0,1800.0,300000.0,216000.0,West Java,Tangerang,1
27-Nov-2020,8993560000000.0,VANISH CAIR 750ML,DETERGEN,pcs,168.0,35000.0,31400.0,5880000.0,5275200.0,Jakarta,East Jakarta,2
27-Nov-2020,9000000000000.0,SUPER PELL APELL 770ML,PEMBERSIH LANTAI,pcs,194.0,12500.0,10500.0,2425000.0,2037000.0,Jakarta,East Jakarta,2
1-Dec-2020,89686910704.0,INDOMIE GORENG RENDANG 91GR,MIE,pcs,228.0,2700.0,2470.0,615600.0,563046.0,Jakarta,East Jakarta,2
5-Dec-2020,203515.0,MIE TELUR CAP 3 AYAM,MIE,pcs,104.0,5000.0,3430.0,520000.0,356720.0,Jakarta,East Jakarta,2
6-Dec-2020,701418.0,DOWNY MYSTIQUE 7 PASSION 950 ML,PEWANGI,pcs,25.0,39900.0,33900.0,997500.0,847500.0,West Java,Depok,1
10-Dec-2020,6920350000000.0,COLGATE PASTA GIGI 180GR,PASTA GIGI,pcs,128.0,10000.0,5700.0,1280000.0,729600.0,West Java,Depok,1
13-Dec-2020,8997040000000.0,POCARI SWEAT KALENG 330ML,MINUMAN,can,140.0,6000.0,4792.0,840000.0,670833.0,West Java,Tangerang,1
14-Dec-2020,8992770000000.0,KISPRAY BLUIS 4X21ML,PEWANGI,pcs,153.0,7000.0,5500.0,1071000.0,841500.0,West Java,Tangerang,1
15-Dec-2020,202305.0,GULA PASIR PUTIH 1KG,GULA,pcs,235.0,19000.0,17000.0,4465000.0,3995000.0,Jakarta,North Jakarta,1
16-Dec-2020,500001.0,GAS 5.5KG,GAS,tab,178.0,73000.0,63000.0,12994000.0,11214000.0,Jakarta,East Jakarta,2
18-Dec-2020,8992750000000.0,VIXAL ORANGE 780ML,PEMBERSIH LANTAI,pcs,129.0,20000.0,15290.0,2580000.0,1972410.0,West Java,South Tangerang,0
21-Dec-2020,8997020000000.0,UFIA BOTOL 600ML,AIR MINUM,btl,98.0,3000.0,1542.0,294000.0,151083.0,Jakarta,North Jakarta,1
21-Dec-2020,8886010000000.0,AQUA BOTOL 330ML,AIR MINUM,btl,156.0,3000.0,1458.0,468000.0,227500.0,West Java,Tangerang,1
23-Dec-2020,8718700000000.0,LAMPU PHILIP  3WATT,ALAT LISTRIK,pcs,229.0,28000.0,25000.0,6412000.0,5725000.0,West Java,Depok,1
23-Dec-2020,8998010000000.0,KEJU CHEDDAR KRAFT 165GR ,MINYAK,pcs,75.0,25000.0,22000.0,1875000.0,1650000.0,Jakarta,East Jakarta,2
25-Dec-2020,7118440000000.0,ABC KECAP MANIS 520ML,KECAP,pcs,188.0,24500.0,16400.0,4606000.0,3083200.0,Jakarta,East Jakarta,2
25-Dec-2020,55500130207.0,SOS PEMBERSIH LANTAI APPLE WONDER 750ML,PEMBERSIH LANTAI,pcs,125.0,15000.0,13000.0,1875000.0,1625000.0,Jakarta,North Jakarta,1
26-Dec-2020,8996010000000.0,PRIMA AIR MINERAL 600ML,AIR MINUM,btl,30.0,3000.0,1292.0,90000.0,38750.0,Jakarta,North Jakarta,1
27-Dec-2020,8998870000000.0,DAIA DETERGEN PINK 18KG,DETERGEN,pcs,108.0,39900.0,31000.0,4309200.0,3348000.0,Jakarta,Central Jakarta,0
30-Dec-2020,8991000000000.0,KOPI GOOD  DAY FREEZE,KOPI,sac,250.0,4000.0,3000.0,1000000.0,750000.0,Jakarta,East Jakarta,2
31-Dec-2020,4902430000000.0,DOWNY FLORAL PINK 780ML,PEWANGI,pcs,175.0,29700.0,23000.0,5197500.0,4025000.0,West Java,Bekasi,1
31-Dec-2020,900001.0,AC UKURAN>1PK,JASA,pcs,105.0,70000.0,60000.0,7350000.0,6300000.0,Jakarta,North Jakarta,1
2-Jan-2021,9000000000000.0,LIFEBUOY BAR SOAP LEMON FRESH 60GR,SABUN,pcs,110.0,2500.0,2200.0,275000.0,242000.0,West Java,Tangerang,1
3-Jan-2021,8992960000000.0,SOFTEX DAUN SIRIH 23CM,POPOK,pcs,231.0,14000.0,12600.0,3234000.0,2910600.0,West Java,Depok,1
3-Jan-2021,501228.0,TARO 65 GRAM,SNACK,pcs,34.0,6000.0,5266.0,204000.0,179044.0,West Java,Depok,1
3-Jan-2021,701208.0,SIKAT CUCI ETERNA,SIKAT GIGI,pcs,85.0,6000.0,5000.0,510000.0,425000.0,West Java,Tangerang,1
5-Jan-2021,700711.0,SABUN LIFEBUOY MATCHA 75G,SABUN,pcs,173.0,3000.0,2300.0,519000.0,397900.0,Jakarta,East Jakarta,2
7-Jan-2021,9000000000000.0,DOVE SABUN CAIR DEEPLY NOURISHING 400 ML,SABUN,pcs,239.0,34200.0,26925.0,8173800.0,6435075.0,Jakarta,North Jakarta,1
7-Jan-2021,9000000000000.0,LIFEBUOY BAR SOAP KASTURI MUSK 110GR,SABUN,pcs,21.0,2500.0,2200.0,52500.0,46200.0,Jakarta,South Jakarta,0
8-Jan-2021,500222.0,ROTI MYROTI SOBEK COKLAT - STRAWBERRY,ROTI,pcs,172.0,14000.0,12320.0,2408000.0,2119040.0,West Java,Depok,1
8-Jan-2021,700715.0,HAND SOAP S.O.S,SABUN,pcs,196.0,10000.0,9000.0,1960000.0,1764000.0,Jakarta,East Jakarta,2
9-Jan-2021,4902430000000.0,HEAD&SHOULDERS SUPREME - SUPREME 135ML,SHAMPO,btl,146.0,26000.0,19900.0,3796000.0,2905400.0,Jakarta,East Jakarta,2
9-Jan-2021,501225.0,KACANG ROSTA,SNACK,pcs,145.0,2500.0,1800.0,362500.0,261000.0,Jakarta,North Jakarta,1
10-Jan-2021,501221.0,BENG BENG,SNACK,pcs,203.0,2000.0,1350.0,406000.0,274050.0,West Java,Depok,1
10-Jan-2021,500217.0,SANWICH MYROTI COKLAT KACANG,ROTI,pcs,235.0,5000.0,4400.0,1175000.0,1034000.0,Jakarta,East Jakarta,2
12-Jan-2021,204114.0,SAMBAL BU SANDRA,SAMBAL,btl,93.0,26000.0,22000.0,2418000.0,2046000.0,West Java,Depok,1
13-Jan-2021,8993190000000.0,MAMIPOKO S,POPOK,pcs,89.0,3000.0,2000.0,267000.0,178000.0,West Java,Bekasi,1
13-Jan-2021,700707.0,SABUN MADU,SABUN,pcs,207.0,20000.0,17000.0,4140000.0,3519000.0,Jakarta,East Jakarta,2
13-Jan-2021,9000000000000.0,SABUN CAIR LIFEBUOY TOTAL 10 450ML,SABUN,pcs,119.0,25000.0,23000.0,2975000.0,2737000.0,West Java,South Tangerang,0
14-Jan-2021,500219.0,ROTI MYROTI SOBEK COKLAT,ROTI,pcs,104.0,14000.0,12320.0,1456000.0,1281280.0,West Java,Bekasi,1
14-Jan-2021,500212.0,SANWICH MYROTI FUNWARI MANGGA CHEESE,ROTI,pcs,186.0,5000.0,4400.0,930000.0,818400.0,Jakarta,North Jakarta,1
14-Jan-2021,501223.0,MIE KREMES SHORR,SNACK,pcs,25.0,750.0,404.0,18750.0,10100.0,Jakarta,South Jakarta,0
16-Jan-2021,501207.0,ZUPER,SNACK,pcs,114.0,1000.0,300.0,114000.0,34200.0,West Java,Tangerang,1
16-Jan-2021,8994050000000.0,ROTI MYROTI ISI KRIM SUSU,ROTI,pcs,158.0,3500.0,3080.0,553000.0,486640.0,Jakarta,West Jakarta,0
16-Jan-2021,501235.0,BISKUIT ROMA KELAPA,SNACK,pcs,204.0,10000.0,8000.0,2040000.0,1632000.0,Jakarta,West Jakarta,0
18-Jan-2021,501215.0,TOP DELFI CHOCO,SNACK,pcs,184.0,1500.0,917.0,276000.0,168667.0,Jakarta,East Jakarta,2
18-Jan-2021,700919.0,SHAMPO LIFEBOUY BOTOL KECIL,SHAMPO,btl,49.0,23000.0,17000.0,1127000.0,833000.0,Jakarta,North Jakarta,1
18-Jan-2021,501243.0,ASW DELUX MONDE,SNACK,pcs,177.0,8500.0,7500.0,1504500.0,1327500.0,Jakarta,North Jakarta,1
19-Jan-2021,8886010000000.0,TEH CELUP SOSRO ISI 30,TEH,box,208.0,6500.0,5000.0,1352000.0,1040000.0,Jakarta,East Jakarta,2
19-Jan-2021,8992730000000.0,BIORE SABUN CAIR SCRUB 450ML,SABUN,pcs,127.0,26000.0,19000.0,3302000.0,2413000.0,Jakarta,North Jakarta,1
19-Jan-2021,9000000000000.0,LIFEBUOY BAR SOAP RED TOTAL 10 PROTECT 60GR,SABUN,pcs,136.0,2500.0,2200.0,340000.0,299200.0,Jakarta,North Jakarta,1
19-Jan-2021,8992750000000.0,MITU TISU BASAH BABY BLOOMING CHERRY 20SHT,TISU,pcs,195.0,10000.0,8200.0,1950000.0,1599000.0,Jakarta,West Jakarta,0
20-Jan-2021,9000000000000.0,SABUN CAIR LIFEBUOY LEMON FRESH 450ML,SABUN,pcs,241.0,25000.0,23000.0,6025000.0,5543000.0,Jakarta,Central Jakarta,0
21-Jan-2021,8994050000000.0,ROTI MAYROTI SANWICH COKLAT,ROTI,pcs,39.0,4500.0,3960.0,175500.0,154440.0,West Java,Bekasi,1
21-Jan-2021,501205.0,BISVIT,SNACK,pcs,237.0,2500.0,1800.0,592500.0,426600.0,Jakarta,Central Jakarta,0
21-Jan-2021,4902430000000.0,HEAD&SHOULDERS SUPREME - SELEMBUT SUTRA 135ML,SHAMPO,btl,118.0,26000.0,19900.0,3068000.0,2348200.0,West Java,Tangerang,1
21-Jan-2021,8998870000000.0,EMERON  HIJAU ALOE VERA 170ML,SHAMPO,btl,236.0,17500.0,14000.0,4130000.0,3304000.0,Jakarta,West Jakarta,0
24-Jan-2021,800502.0,TISU TOILET,TISU,pcs,150.0,5000.0,3000.0,750000.0,450000.0,West Java,South Tangerang,0
25-Jan-2021,500208.0,ROTI MYROTI SANWICH ISI BOLOGNESE PEDAS,ROTI,pcs,216.0,5500.0,4840.0,1188000.0,1045440.0,Jakarta,South Jakarta,0
28-Jan-2021,8993560000000.0,SABUN CAIR DETTOL ORIGINAL 410GR,SABUN,pcs,191.0,35000.0,19900.0,6685000.0,3800900.0,Jakarta,West Jakarta,0
29-Jan-2021,8992770000000.0,KISPRAY VIOLET 4X21ML,PEWANGI,pcs,165.0,7000.0,5500.0,1155000.0,907500.0,West Java,Depok,1
29-Jan-2021,501236.0,KACANG TELOR,SNACK,pcs,63.0,1500.0,900.0,94500.0,56700.0,Jakarta,East Jakarta,2
30-Jan-2021,8994160000000.0,TEPUNG KETAN HITAM 250GR,TEPUNG,pcs,139.0,13000.0,9200.0,1807000.0,1278800.0,West Java,Depok,1
30-Jan-2021,700709.0,SABUN DETTOL BAR,SABUN,pcs,100.0,9000.0,8400.0,900000.0,840000.0,Jakarta,East Jakarta,2
30-Jan-2021,9000000000000.0,SUNSILK BLACK SHINE 170ML,SHAMPO,btl,238.0,21000.0,17000.0,4998000.0,4046000.0,Jakarta,East Jakarta,2
1-Feb-2021,89686401721.0,ABC SAOS TOMAT 135ML,SAMBAL,btl,124.0,6500.0,4620.0,806000.0,572880.0,West Java,Bekasi,1
2-Feb-2021,8992750000000.0,SUSU BENDERA COKELAT 1 KALENG 370GR,SUSU,sac,168.0,2000.0,1500.0,336000.0,252000.0,West Java,Bekasi,1
2-Feb-2021,8994050000000.0,ROTI MYROTI MYROTI ISI COKLAT,ROTI,pcs,146.0,3500.0,3080.0,511000.0,449680.0,Jakarta,North Jakarta,1
2-Feb-2021,501238.0,CHOCOLATOS BSAR,SNACK,pcs,187.0,1500.0,900.0,280500.0,168300.0,West Java,Tangerang,1
3-Feb-2021,9000000000000.0,SABUN CAIR LIFEBUOY MILD CARE 450ML,SABUN,pcs,82.0,25000.0,23000.0,2050000.0,1886000.0,Jakarta,North Jakarta,1
4-Feb-2021,8992730000000.0,BIORE SABUN CAIR LIVELY REFRESH 450ML,SABUN,pcs,199.0,26000.0,19000.0,5174000.0,3781000.0,Jakarta,East Jakarta,2
5-Feb-2021,501229.0,KACANG GARUDA ,SNACK,pcs,105.0,12500.0,11000.0,1312500.0,1155000.0,West Java,Bekasi,1
5-Feb-2021,89931900000000.0,MAMIPOKO M,POPOK,pcs,221.0,35400.0,31400.0,7823400.0,6939400.0,Jakarta,East Jakarta,2
5-Feb-2021,500213.0,SANWICH MYROTI FUNWARI MANGGA SUSU,ROTI,pcs,159.0,5000.0,4400.0,795000.0,699600.0,Jakarta,East Jakarta,2
5-Feb-2021,700705.0,SABUN CAIR BIORE,SABUN,pcs,195.0,27500.0,17500.0,5362500.0,3412500.0,Jakarta,East Jakarta,2
5-Feb-2021,501218.0,OREO BISKUIT,SNACK,pcs,204.0,2000.0,1333.0,408000.0,271932.0,Jakarta,North Jakarta,1
6-Feb-2021,500203.0,ROTI MYROTI TAWAR FUNWARI,ROTI,pcs,132.0,12500.0,11000.0,1650000.0,1452000.0,Jakarta,Central Jakarta,0
7-Feb-2021,500214.0,SANWICH MYROTI FUNWARI MANGGA COKLAT,ROTI,pcs,62.0,5000.0,4400.0,310000.0,272800.0,West Java,Depok,1
8-Feb-2021,800504.0,TISU SAKU,TISU,pcs,124.0,1500.0,1000.0,186000.0,124000.0,Jakarta,North Jakarta,1
9-Feb-2021,8992730000000.0,BIORE SABUN CAIR SAKURA 450ML,SABUN,pcs,123.0,26000.0,19000.0,3198000.0,2337000.0,West Java,Bekasi,1
9-Feb-2021,204814.0,SARIWANGI POTBAG 4.5x20gr,TEH,box,15.0,9600.0,8580.0,144000.0,128700.0,Jakarta,Central Jakarta,0
9-Feb-2021,8998870000000.0,ROYALE PEWANGI PINK SATIN 800ML,PEWANGI,pcs,117.0,25500.0,17900.0,2983500.0,2094300.0,Jakarta,East Jakarta,2
11-Feb-2021,8991100000000.0,SIKAT GIGI FORMULA TRENDY,SIKAT GIGI,pak,211.0,12000.0,9300.0,2532000.0,1962300.0,Jakarta,East Jakarta,2
11-Feb-2021,8993300000000.0,SEGITIGA BIRU TERIGU SERBA GUNA 500GR,TEPUNG,pcs,234.0,13000.0,9200.0,3042000.0,2152800.0,Jakarta,North Jakarta,1
12-Feb-2021,501244.0,SERES,SNACK,pcs,23.0,10500.0,9500.0,241500.0,218500.0,West Java,South Tangerang,0
14-Feb-2021,8993190000000.0,MAMIPOKO XL,POPOK,pcs,175.0,3000.0,2000.0,525000.0,350000.0,Jakarta,North Jakarta,1
14-Feb-2021,204813.0,SARIWANGI TEH ASLI 25'SX1.85G,TEH,box,80.0,5900.0,5280.0,472000.0,422400.0,Jakarta,North Jakarta,1
14-Feb-2021,501204.0,NABATI NEXTAR ,SNACK,pcs,32.0,2500.0,1800.0,80000.0,57600.0,West Java,Tangerang,1
15-Feb-2021,501203.0,SUKRO/KACANG GARUDA,SNACK,pcs,112.0,1500.0,900.0,168000.0,100800.0,Jakarta,East Jakarta,2
16-Feb-2021,500220.0,ROTI MYROTI SOBEK COKLAT - KEJU,ROTI,pcs,82.0,14000.0,12320.0,1148000.0,1010240.0,Jakarta,North Jakarta,1
19-Feb-2021,700713.0,LUX CAIR 450ML,SABUN,pcs,109.0,26000.0,19000.0,2834000.0,2071000.0,West Java,Depok,1
19-Feb-2021,501219.0,OREO BOLU,SNACK,pcs,243.0,2500.0,1833.0,607500.0,445419.0,West Java,Depok,1
19-Feb-2021,501211.0,CHEETOS,SNACK,pcs,135.0,1500.0,900.0,202500.0,121500.0,West Java,South Tangerang,0
21-Feb-2021,501230.0,KACANG DUA KELINCI,SNACK,pcs,187.0,15000.0,13500.0,2805000.0,2524500.0,Jakarta,East Jakarta,2
21-Feb-2021,501239.0,SO TANGO,SNACK,pcs,53.0,2500.0,1833.0,132500.0,97149.0,Jakarta,East Jakarta,2
21-Feb-2021,501222.0,TANGO/NABATI WAFER,SNACK,pcs,152.0,2500.0,1800.0,380000.0,273600.0,Jakarta,North Jakarta,1
22-Feb-2021,501220.0,BISKUAT BOLU,SNACK,pcs,126.0,2000.0,1375.0,252000.0,173250.0,Jakarta,East Jakarta,2
22-Feb-2021,500201.0,ROTI MYROTI TAWAR STANDAR,ROTI,pcs,73.0,12000.0,10560.0,876000.0,770880.0,West Java,South Tangerang,0
24-Feb-2021,500210.0,ROTIMYROTI  SANWICH ISI COKLAT BATANG,ROTI,pcs,26.0,5000.0,4400.0,130000.0,114400.0,Jakarta,East Jakarta,2
25-Feb-2021,501208.0,TANGO KECIL,SNACK,pcs,128.0,1000.0,425.0,128000.0,54400.0,West Java,Bekasi,1
26-Feb-2021,8994050000000.0,ROTI MYROTI ISI CUSTARD,ROTI,pcs,66.0,3500.0,3080.0,231000.0,203280.0,West Java,Depok,1
26-Feb-2021,500216.0,SANWICH MYROTI FUNWARI PISANG SUSU,ROTI,pcs,241.0,5000.0,4400.0,1205000.0,1060400.0,West Java,Tangerang,1
27-Feb-2021,500211.0,SANWICH MYROTI FUNWARI COKLAT CARAMEL,ROTI,pcs,102.0,5000.0,4400.0,510000.0,448800.0,West Java,Tangerang,1
28-Feb-2021,9000000000000.0,MOLTO ALL IN 1 PURE SACHET 20ML ,PEWANGI,pcs,46.0,1500.0,917.0,69000.0,42167.0,Jakarta,Central Jakarta,0
28-Feb-2021,501209.0,POTABE,SNACK,pcs,168.0,1000.0,500.0,168000.0,84000.0,Jakarta,Central Jakarta,0
28-Feb-2021,9000000000000.0,REXONA DEODORAN INVISIBLE PLUS,PEWANGI,pcs,202.0,18000.0,10900.0,3636000.0,2201800.0,Jakarta,East Jakarta,2
28-Feb-2021,501245.0,RENGGINANG,SNACK,pcs,41.0,22000.0,20000.0,902000.0,820000.0,Jakarta,North Jakarta,1
1-Mar-2021,700912.0,SHAMPO LIFEBOUY,SHAMPO,btl,79.0,26500.0,23900.0,2093500.0,1888100.0,Jakarta,Central Jakarta,0
1-Mar-2021,501217.0,GOOD TIME,SNACK,pcs,183.0,2000.0,900.0,366000.0,164700.0,West Java,Tangerang,1
2-Mar-2021,501249.0,GERRY SALUUT ,SNACK,pcs,192.0,4000.0,3000.0,768000.0,576000.0,Jakarta,East Jakarta,2
3-Mar-2021,500228.0,ROTI MYROTI ISI KACANG MERAH,ROTI,pcs,147.0,5000.0,4400.0,735000.0,646800.0,Jakarta,East Jakarta,2
6-Mar-2021,9000000000000.0,LIFEBUOY BAR SOAP MACHA GREEN TEA 110GR,SABUN,pcs,129.0,2500.0,2200.0,322500.0,283800.0,Jakarta,East Jakarta,2
7-Mar-2021,9000000000000.0,LIFEBUOY BAR SOAP RED TOTAL 10 PROTECT 110GR,SABUN,pcs,120.0,2500.0,2200.0,300000.0,264000.0,West Java,Bekasi,1
8-Mar-2021,9000000000000.0,SAMPO CLEAR ICE COOL MENTHOL 160ML,SHAMPO,btl,134.0,26900.0,16900.0,3604600.0,2264600.0,West Java,Depok,1
8-Mar-2021,9000000000000.0,SAMPO CLEAR COMPLETE SOFT CARE 320ML,SHAMPO,btl,100.0,26900.0,16900.0,2690000.0,1690000.0,Jakarta,East Jakarta,2
8-Mar-2021,205317.0,TELOR AYAM KAMPUNG 1KG,TELOR,kg,124.0,27500.0,25500.0,3410000.0,3162000.0,Jakarta,South Jakarta,0
8-Mar-2021,8998010000000.0,ULTRA SUSU SLIM CHOCO 250 ML,SUSU,pcs,29.0,5000.0,3833.0,145000.0,111157.0,Jakarta,West Jakarta,0
10-Mar-2021,205314.0,TELOR AYAM NEGERI 1KG,TELOR,kg,136.0,26000.0,23500.0,3536000.0,3196000.0,West Java,Tangerang,1
11-Mar-2021,8992960000000.0,SWEETY S,POPOK,pcs,112.0,33900.0,29900.0,3796800.0,3348800.0,West Java,Tangerang,1
12-Mar-2021,500225.0,ROTI MYROTI ISI STRAWBERRY,ROTI,pcs,126.0,3500.0,3080.0,441000.0,388080.0,Jakarta,Central Jakarta,0
15-Mar-2021,8993010000000.0,INDOMILK KENTAL MANIS 1 SACHET 37GR,SUSU,sac,49.0,2000.0,1500.0,98000.0,73500.0,Jakarta,East Jakarta,2
15-Mar-2021,8998010000000.0,ULTRA MILK PLAIN 1L,SUSU,pcs,154.0,19900.0,16000.0,3064600.0,2464000.0,Jakarta,East Jakarta,2
15-Mar-2021,9000000000000.0,REXONA DEODORAN ACTIVE WHITE,PEWANGI,pcs,221.0,18000.0,10900.0,3978000.0,2408900.0,West Java,South Tangerang,0
17-Mar-2021,205315.0,TELOR AYAM OMEGA-3 1KG,TELOR,kg,38.0,27500.0,25500.0,1045000.0,969000.0,Jakarta,East Jakarta,2
19-Mar-2021,501213.0,NABATI WAFER,SNACK,pcs,96.0,1000.0,300.0,96000.0,28800.0,West Java,Bekasi,1
19-Mar-2021,500221.0,ROTI MYROTI SOBEK COKLAT - SUSU,ROTI,pcs,38.0,14000.0,12320.0,532000.0,468160.0,Jakarta,East Jakarta,2
19-Mar-2021,9000000000000.0,MOLTO PEWANGI FLORAL BLISS 820 ML,PEWANGI,pcs,21.0,12800.0,11000.0,268800.0,231000.0,Jakarta,North Jakarta,1
19-Mar-2021,8994050000000.0,ROTI MAYROTI SOBEK COKLAT - NANAS - APEL,ROTI,pcs,245.0,14000.0,12320.0,3430000.0,3018400.0,Jakarta,North Jakarta,1
19-Mar-2021,501242.0,DELFI CUSTAS,SNACK,pcs,71.0,23000.0,18900.0,1633000.0,1341900.0,Jakarta,North Jakarta,1
20-Mar-2021,8994050000000.0,SANWICH MYROTI FUNWARI COKLAT STRAWBERRY,ROTI,pcs,246.0,5000.0,4400.0,1230000.0,1082400.0,West Java,Bekasi,1
21-Mar-2021,500206.0,ROTI MYROTI SANWICH CUSTARD,ROTI,pcs,231.0,4500.0,3960.0,1039500.0,914760.0,Jakarta,East Jakarta,2
24-Mar-2021,501226.0,AGER SWALLOW,SNACK,sac,192.0,5000.0,3333.0,960000.0,639936.0,West Java,Bekasi,1
24-Mar-2021,500215.0,SANWICH MYROTI FUNWARI COKLAT PISANG,ROTI,pcs,193.0,5000.0,4400.0,965000.0,849200.0,Jakarta,East Jakarta,2
24-Mar-2021,501227.0,SOSIS SO NICE,SNACK,pcs,67.0,1000.0,750.0,67000.0,50250.0,Jakarta,East Jakarta,2
24-Mar-2021,500204.0,ROTI MYROTI TAWAR FANWARI GANDUM,ROTI,pcs,68.0,15500.0,13640.0,1054000.0,927520.0,Jakarta,West Jakarta,0
25-Mar-2021,8998010000000.0,ULTRA MILK CHOCOLATE 1LT,SUSU,pcs,42.0,19900.0,16000.0,835800.0,672000.0,West Java,Depok,1
25-Mar-2021,501214.0,CHOCOLATOS,SNACK,pcs,163.0,1500.0,900.0,244500.0,146700.0,Jakarta,East Jakarta,2
25-Mar-2021,500209.0,ROTI MYROTI SANWICH ISI CRAB MAYO PEDAS,ROTI,pcs,52.0,5500.0,4840.0,286000.0,251680.0,West Java,Tangerang,1
26-Mar-2021,9000000000000.0,MOLTO ALL IN 1 BLUE SACHET 20ML ,PEWANGI,pcs,224.0,1500.0,917.0,336000.0,205333.0,Jakarta,East Jakarta,2
26-Mar-2021,8992960000000.0,SWEETY M,POPOK,pcs,155.0,50000.0,40500.0,7750000.0,6277500.0,Jakarta,East Jakarta,2
26-Mar-2021,501231.0,CHOCOLATOS KECIL,SNACK,pcs,167.0,750.0,437.0,125250.0,72979.0,Jakarta,East Jakarta,2
26-Mar-2021,501212.0,NABATI RECHEES,SNACK,pcs,44.0,1000.0,300.0,44000.0,13200.0,Jakarta,East Jakarta,2
26-Mar-2021,9000000000000.0,SUNSILK SOFT & SMOOTH 170ML,SHAMPO,btl,81.0,21000.0,17000.0,1701000.0,1377000.0,Jakarta,South Jakarta,0
27-Mar-2021,8994050000000.0,ROTI MYROTI TAWAR KUPAS,ROTI,pcs,46.0,14000.0,12320.0,644000.0,566720.0,Jakarta,North Jakarta,1
28-Mar-2021,8993090000000.0,TEPUNG BERAS ROSE BRAND 1/2KG,TEPUNG,pcs,189.0,7500.0,6900.0,1417500.0,1304100.0,Jakarta,East Jakarta,2
29-Mar-2021,501232.0,KACANG ROSTA KECIL,SNACK,pcs,250.0,1000.0,450.0,250000.0,112500.0,West Java,Depok,1
29-Mar-2021,500207.0,ROTI MYROTI SANWICH ISI TUNA MAYO SPICY,ROTI,pcs,182.0,5500.0,4840.0,1001000.0,880880.0,Jakarta,East Jakarta,2
29-Mar-2021,8998870000000.0,SO KLIN RAPIKA SOFT SAKURA 400GR,PEWANGI,pcs,200.0,7000.0,5000.0,1400000.0,1000000.0,West Java,Tangerang,1
29-Mar-2021,700712.0,SABUN LIFEBUOY MILD CARE 75G,SABUN,pcs,119.0,3000.0,2300.0,357000.0,273700.0,West Java,Tangerang,1
30-Mar-2021,501210.0,CITATO,SNACK,pcs,209.0,1500.0,900.0,313500.0,188100.0,West Java,Bekasi,1
30-Mar-2021,4902430000000.0,PANTENE HIJAB AD 135,SHAMPO,btl,94.0,22500.0,16800.0,2115000.0,1579200.0,Jakarta,North Jakarta,1
31-Mar-2021,700710.0,DOVE DEODORANT,SABUN,pcs,126.0,21400.0,10900.0,2696400.0,1373400.0,Jakarta,West Jakarta,0
31-Mar-2021,501237.0,OZLO,SNACK,pcs,105.0,2500.0,1833.0,262500.0,192465.0,Jakarta,West Jakarta,0
1-Apr-2021,8992750000000.0,SUSU BENDERA COKELAT 1 SACHET 40GR,SUSU,sac,162.0,2000.0,1500.0,324000.0,243000.0,Jakarta,North Jakarta,1
2-Apr-2021,8993560000000.0,DETTOL BARSOAP PROFRESH TIMUN 105GR,SABUN,pcs,122.0,8000.0,7000.0,976000.0,854000.0,Jakarta,East Jakarta,2
3-Apr-2021,4902430000000.0,PANTENE ANTI RONTOK 135ML,SHAMPO,btl,229.0,22500.0,16900.0,5152500.0,3870100.0,West Java,Bekasi,1
3-Apr-2021,8993560000000.0,DETTOL BARSOAP PROFRESH CITRUS 105GR,SABUN,pcs,52.0,8000.0,7000.0,416000.0,364000.0,West Java,Depok,1
3-Apr-2021,501202.0,KRAFT QUICK MELT 165GR,SNACK,pcs,132.0,33000.0,29500.0,4356000.0,3894000.0,Jakarta,West Jakarta,0
4-Apr-2021,501246.0,CHITATO RASA SAPI PANGGANG,SNACK,pcs,173.0,10000.0,8800.0,1730000.0,1522400.0,Jakarta,East Jakarta,2
7-Apr-2021,200000.0,KUNCI BIRU TERIGU 1KG,TEPUNG,pcs,18.0,13000.0,8800.0,234000.0,158400.0,West Java,Bekasi,1
7-Apr-2021,800501.0,TISU PASEO,TISU,pcs,55.0,12000.0,8500.0,660000.0,467500.0,Jakarta,Central Jakarta,0
9-Apr-2021,711844000000.0,ABC SAMBAL ASLI 135ML,SAMBAL,btl,228.0,8000.0,4620.0,1824000.0,1053360.0,Jakarta,North Jakarta,1
11-Apr-2021,501234.0,SUKRO GARUDA BSAR,SNACK,pcs,37.0,2000.0,1700.0,74000.0,62900.0,West Java,Tangerang,1
12-Apr-2021,501240.0,GENJI & SERENA BISKUIT,SNACK,pcs,217.0,10000.0,9000.0,2170000.0,1953000.0,West Java,Depok,1
12-Apr-2021,501206.0,OREO MINI,SNACK,pcs,220.0,2500.0,1800.0,550000.0,396000.0,Jakarta,East Jakarta,2
14-Apr-2021,501248.0,BUSKUIT ROMA MALKIS,SNACK,pcs,172.0,5500.0,4950.0,946000.0,851400.0,Jakarta,North Jakarta,1
16-Apr-2021,501224.0,MIE ENAK,SNACK,pcs,236.0,1500.0,850.0,354000.0,200600.0,Jakarta,East Jakarta,2
17-Apr-2021,9000000000000.0,DOVE SABUN CAIR AQUA MOISTURE 400 ML,SABUN,pcs,135.0,34200.0,26925.0,4617000.0,3634875.0,Jakarta,Central Jakarta,0
17-Apr-2021,4902430000000.0,PANTENE ANTI KETOMBE 135ML,SHAMPO,btl,160.0,22500.0,16900.0,3600000.0,2704000.0,Jakarta,East Jakarta,2
17-Apr-2021,501241.0,LEMONIA,SNACK,pcs,132.0,9000.0,7500.0,1188000.0,990000.0,Jakarta,North Jakarta,1
18-Apr-2021,501216.0,LAYS,SNACK,pcs,131.0,2000.0,1630.0,262000.0,213530.0,Jakarta,Central Jakarta,0
18-Apr-2021,9000000000000.0,MOLTO ALL IN 1 PINK SACHET 20ML ,PEWANGI,pcs,206.0,1500.0,917.0,309000.0,188833.0,Jakarta,West Jakarta,0
20-Apr-2021,8992960000000.0,SWEETY XL 6X,POPOK,pcs,67.0,20000.0,14300.0,1340000.0,958100.0,Jakarta,East Jakarta,2
20-Apr-2021,800505.0,TISUE BASAH PASEO 50 SHEETS,TISU,pcs,207.0,11000.0,7800.0,2277000.0,1614600.0,Jakarta,East Jakarta,2
